{"gcc": {"mips": [[33.43026, "b27d7c41"], [31.93854, "4a43dba5"], [33.86126, "08e5f282"], [33.41176, "36902d32"]], "best_mips": 33.86126, "best_hash": "08e5f282", "regressed_hash": null}, "llvm": {"mips": [[21.39008, "b27d7c41"], [21.519, "4a43dba5"], [19.47118, "08e5f282"], [20.87714, "36902d32"]], "best_mips": 21.519, "best_hash": "4a43dba5", "regressed_hash": null}, "tcc": {"mips": [[27.3545, "b27d7c41"], [26.7832, "4a43dba5"], [25.840519999999998, "08e5f282"], [26.7627, "36902d32"]], "best_mips": 27.3545, "best_hash": "b27d7c41", "regressed_hash": null}}