{"gcc": {"mips": [[33.43026, "b27d7c41"], [31.93854, "4a43dba5"]], "best_mips": 33.43026, "best_hash": "b27d7c41", "regressed_hash": null}, "llvm": {"mips": [[21.39008, "b27d7c41"], [21.519, "4a43dba5"]], "best_mips": 21.519, "best_hash": "4a43dba5", "regressed_hash": null}, "tcc": {"mips": [[27.3545, "b27d7c41"], [26.7832, "4a43dba5"]], "best_mips": 27.3545, "best_hash": "b27d7c41", "regressed_hash": null}}