{"gcc": {"mips": [[33.43026, "b27d7c41"], [31.93854, "4a43dba5"], [33.86126, "08e5f282"], [33.41176, "36902d32"], [35.75446, "f77994d9"], [34.8846, "e904776d"], [38.16536, "1ab3f653"], [32.4747, "d20bd6e6"], [39.40108, "d5d654d2"], [98.25478, "940dbdd7"]], "best_mips": 98.25478, "best_hash": "940dbdd7", "regressed_hash": null}, "llvm": {"mips": [[21.39008, "b27d7c41"], [21.519, "4a43dba5"], [19.47118, "08e5f282"], [20.87714, "36902d32"], [19.63888, "f77994d9"], [20.7442, "e904776d"], [20.58986, "1ab3f653"], [21.38858, "d20bd6e6"], [22.06884, "d5d654d2"], [36.10972, "940dbdd7"]], "best_mips": 36.10972, "best_hash": "940dbdd7", "regressed_hash": null}, "tcc": {"mips": [[27.3545, "b27d7c41"], [26.7832, "4a43dba5"], [25.840519999999998, "08e5f282"], [26.7627, "36902d32"], [26.76578, "f77994d9"], [26.30344, "e904776d"], [27.83072, "1ab3f653"], [28.35206, "d20bd6e6"], [28.339480000000002, "d5d654d2"], [58.23068, "940dbdd7"]], "best_mips": 58.23068, "best_hash": "940dbdd7", "regressed_hash": null}}